resolution,ARI,NMI,cluster_num
0.3,0.22050184396636935,0.4363056341819597,11
0.5,0.27268494884751576,0.45246161275475894,16
0.8,0.230690533385833,0.43275466562341297,23
