resolution,ARI,NMI,cluster_num
0.3,0.43350855625258783,0.514437558191571,8
0.5,0.30682179302111284,0.46886890694867583,13
0.8,0.2354742158724845,0.4595078386486305,21
